,County,Implemented,Year,value,Long,Lat
1,Bay County,2002,1992,51.813,-85.63,30.24
2,Meixco Beach,2001,1992,13.5,-85.406361,29.941336
3,Panama City Beach,2009,1992,60.444,-85.805489,30.176592
4,Dania Beach,2011,1992,62.118,-80.14393,26.05231
5,Deerfield Beach,2000,1992,63,-80.088615,26.329422
6,Fort Lauderdale,2003,1992,63,-80.137314,26.12243
7,Hallandale Beach,2001,1992,63,-80.146024,25.986719
8,Hillsboro Beach,2007,1992,61.846,-82.35,27.91
9,Hollywoord,2011,1992,63,-80.142967,26.01128
10,Lauderdale By the Sea,2002,1992,63,-80.09643,26.19203
11,Pompano Beach,1999,1992,63,-80.122948,26.24354
12,Marco Island,1998,1992,61.789,-81.714722,25.940556
13,Jacksonville beach,2000,1992,63,-81.655647,30.332184
14,Neptune Beach,1999,1992,62.735,-81.396606,30.312866
15,Escambia COunty,2013,1992,63,-87.240372,30.433283
16,Flagler COunty,2001,1992,3.8,-81.3,29.47
17,Franklin County,1998,1992,0,-84.82,29.8
18,GUlf COunty,2001,1992,0.529,-85.24,29.9
19,Bonita SPrings,2001,1992,62.889,-81.7787,26.33981
20,Sanibel,1997,1992,30.167,-82.111511,26.443398
21,Anna Maria Island,2003,1992,54.438,-82.719,27.513
22,Bradenton ,1998,1992,63,-82.574821,27.498928
23,Golden Beach,1997,1992,63,-80.122481,25.964869
24,Miami Beach,2006,1992,63,-80.191788,25.761681
25,Sunny Isles Beach,2009,1992,63,-80.12166618,25.93832958
26,Village of Key Biscayne,2009,1992,54.789,-80.165059,25.6908507
27,Key West,1995,1992,56.778,-81.779984,24.555059
28,Marathon,1994,1992,57.842,-81.081161,24.723757
29,Monroe,1994,1992,0,-80.9372932,25.3128967
30,Village of Islamorada,1998,1992,24.286,-80.60816423,24.93482959
31,Destin,2004,1992,60.125,-86.495781,30.393534
32,Juno Beach,1998,1992,59.059,-80.05822,26.89307
33,Belleair Beach,2008,1992,63,-82.839377,27.924748
34,Clearwater,1999,1992,63,-82.796745,27.972572
35,Indian Shores,1994,1992,62,-82.83932998,27.85032993
36,Pinelals County,2004,1992,63,-82.74,27.9
37,Redington Shores,2007,1992,63,-82.8249967,27.82349671
38,St. Pete Beach,2007,1992,63,-82.741943,27.724722
39,Treasure Island,1999,1992,63,-82.759659,27.745003
40,St. Augustine Beach,1995,1992,60.941,-81.312431,29.901243
41,St. Johns County,1996,1992,46.917,-81.41,29.91
42,Santa Rosa,2005,1992,7.744,-86.2288322,30.3960324
43,City of Sarasota,1999,1992,63,-82.546144,27.3370523
44,Sarasota County,1997,1992,1.813,-82.3331489,27.166997
45,New Smyrna Beach,1999,1992,63,-82.528267,27.341274
46,Walton,2009,1992,62.313,-86.617928,30.418776
47,Bay County,2002,1993,56.529,-85.63,30.24
48,Meixco Beach,2001,1993,17.939,-85.406361,29.941336
49,Panama City Beach,2009,1993,58.485,-85.805489,30.176592
50,Dania Beach,2011,1993,63,-80.14393,26.05231
51,Deerfield Beach,2000,1993,63,-80.088615,26.329422
52,Fort Lauderdale,2003,1993,63,-80.137314,26.12243
53,Hallandale Beach,2001,1993,63,-80.146024,25.986719
54,Hillsboro Beach,2007,1993,62.306,-82.35,27.91
55,Hollywoord,2011,1993,63,-80.142967,26.01128
56,Lauderdale By the Sea,2002,1993,63,-80.09643,26.19203
57,Pompano Beach,1999,1993,63,-80.122948,26.24354
58,Marco Island,1998,1993,61.423,-81.714722,25.940556
59,Jacksonville beach,2000,1993,63,-81.655647,30.332184
60,Neptune Beach,1999,1993,61.194,-81.396606,30.312866
61,Escambia COunty,2013,1993,63,-87.240372,30.433283
62,Flagler COunty,2001,1993,1.371,-81.3,29.47
63,Franklin County,1998,1993,0,-84.82,29.8
64,GUlf COunty,2001,1993,0,-85.24,29.9
65,Bonita SPrings,2001,1993,61.417,-81.7787,26.33981
66,Sanibel,1997,1993,27.958,-82.111511,26.443398
67,Anna Maria Island,2003,1993,50.947,-82.719,27.513
68,Bradenton ,1998,1993,63,-82.574821,27.498928
69,Golden Beach,1997,1993,63,-80.122481,25.964869
70,Miami Beach,2006,1993,62.755,-80.191788,25.761681
71,Sunny Isles Beach,2009,1993,63,-80.12166618,25.93832958
72,Village of Key Biscayne,2009,1993,59.542,-80.165059,25.6908507
73,Key West,1995,1993,58.038,-81.779984,24.555059
74,Marathon,1994,1993,48.86,-81.081161,24.723757
75,Monroe,1994,1993,0,-80.9372932,25.3128967
76,Village of Islamorada,1998,1993,30.396,-80.60816423,24.93482959
77,Destin,2004,1993,58.672,-86.495781,30.393534
78,Juno Beach,1998,1993,61.311,-80.05822,26.89307
79,Belleair Beach,2008,1993,61.294,-82.839377,27.924748
80,Clearwater,1999,1993,63,-82.796745,27.972572
81,Indian Shores,1994,1993,62.515,-82.83932998,27.85032993
82,Pinelals County,2004,1993,63,-82.74,27.9
83,Redington Shores,2007,1993,63,-82.8249967,27.82349671
84,St. Pete Beach,2007,1993,62.324,-82.741943,27.724722
85,Treasure Island,1999,1993,62.189,-82.759659,27.745003
86,St. Augustine Beach,1995,1993,60.131,-81.312431,29.901243
87,St. Johns County,1996,1993,47.143,-81.41,29.91
88,Santa Rosa,2005,1993,8.221,-86.2288322,30.3960324
89,City of Sarasota,1999,1993,62.725,-82.546144,27.3370523
90,Sarasota County,1997,1993,1.184,-82.3331489,27.166997
91,New Smyrna Beach,1999,1993,63,-82.528267,27.341274
92,Walton,2009,1993,61.419,-86.617928,30.418776
93,Bay County,2002,1994,53.5495,-85.63,30.24
94,Meixco Beach,2001,1994,18.7255,-85.406361,29.941336
95,Panama City Beach,2009,1994,58.796,-85.805489,30.176592
96,Dania Beach,2011,1994,63,-80.14393,26.05231
97,Deerfield Beach,2000,1994,63,-80.088615,26.329422
98,Fort Lauderdale,2003,1994,63,-80.137314,26.12243
99,Hallandale Beach,2001,1994,63,-80.146024,25.986719
100,Hillsboro Beach,2007,1994,61.931,-82.35,27.91
101,Hollywoord,2011,1994,63,-80.142967,26.01128
102,Lauderdale By the Sea,2002,1994,62.4375,-80.09643,26.19203
103,Pompano Beach,1999,1994,63,-80.122948,26.24354
104,Marco Island,1998,1994,59.2075,-81.714722,25.940556
105,Jacksonville beach,2000,1994,62.9675,-81.655647,30.332184
106,Neptune Beach,1999,1994,62.0685,-81.396606,30.312866
107,Escambia COunty,2013,1994,63,-87.240372,30.433283
108,Flagler COunty,2001,1994,1.875,-81.3,29.47
109,Franklin County,1998,1994,0,-84.82,29.8
110,GUlf COunty,2001,1994,0.197,-85.24,29.9
111,Bonita SPrings,2001,1994,61.8415,-81.7787,26.33981
112,Sanibel,1997,1994,26.7065,-82.111511,26.443398
113,Anna Maria Island,2003,1994,51.568,-82.719,27.513
114,Bradenton ,1998,1994,63,-82.574821,27.498928
115,Golden Beach,1997,1994,63,-80.122481,25.964869
116,Miami Beach,2006,1994,62.777,-80.191788,25.761681
117,Sunny Isles Beach,2009,1994,62.9625,-80.12166618,25.93832958
118,Village of Key Biscayne,2009,1994,57.6105,-80.165059,25.6908507
119,Key West,1995,1994,57.277,-81.779984,24.555059
120,Marathon,1994,1994,45.754,-81.081161,24.723757
121,Monroe,1994,1994,0.0845,-80.9372932,25.3128967
122,Village of Islamorada,1998,1994,34.195,-80.60816423,24.93482959
123,Destin,2004,1994,55.1445,-86.495781,30.393534
124,Juno Beach,1998,1994,57.952,-80.05822,26.89307
125,Belleair Beach,2008,1994,62.343,-82.839377,27.924748
126,Clearwater,1999,1994,63,-82.796745,27.972572
127,Indian Shores,1994,1994,61.9815,-82.83932998,27.85032993
128,Pinelals County,2004,1994,63,-82.74,27.9
129,Redington Shores,2007,1994,60.985,-82.8249967,27.82349671
130,St. Pete Beach,2007,1994,62.634,-82.741943,27.724722
131,Treasure Island,1999,1994,62.549,-82.759659,27.745003
132,St. Augustine Beach,1995,1994,62.746,-81.312431,29.901243
133,St. Johns County,1996,1994,42.4775,-81.41,29.91
134,Santa Rosa,2005,1994,6.586,-86.2288322,30.3960324
135,City of Sarasota,1999,1994,62.9735,-82.546144,27.3370523
136,Sarasota County,1997,1994,2.768,-82.3331489,27.166997
137,New Smyrna Beach,1999,1994,62.318,-82.528267,27.341274
138,Walton,2009,1994,62.6925,-86.617928,30.418776
139,Bay County,2002,1995,55.816,-85.63,30.24
140,Meixco Beach,2001,1995,21.482,-85.406361,29.941336
141,Panama City Beach,2009,1995,60.745,-85.805489,30.176592
142,Dania Beach,2011,1995,63,-80.14393,26.05231
143,Deerfield Beach,2000,1995,63,-80.088615,26.329422
144,Fort Lauderdale,2003,1995,63,-80.137314,26.12243
145,Hallandale Beach,2001,1995,63,-80.146024,25.986719
146,Hillsboro Beach,2007,1995,62,-82.35,27.91
147,Hollywoord,2011,1995,63,-80.142967,26.01128
148,Lauderdale By the Sea,2002,1995,62.86,-80.09643,26.19203
149,Pompano Beach,1999,1995,63,-80.122948,26.24354
150,Marco Island,1998,1995,62.163,-81.714722,25.940556
151,Jacksonville beach,2000,1995,63,-81.655647,30.332184
152,Neptune Beach,1999,1995,62.875,-81.396606,30.312866
153,Escambia COunty,2013,1995,63,-87.240372,30.433283
154,Flagler COunty,2001,1995,3.88,-81.3,29.47
155,Franklin County,1998,1995,0.269,-84.82,29.8
156,GUlf COunty,2001,1995,0.321,-85.24,29.9
157,Bonita SPrings,2001,1995,62.188,-81.7787,26.33981
158,Sanibel,1997,1995,31.283,-82.111511,26.443398
159,Anna Maria Island,2003,1995,51.86,-82.719,27.513
160,Bradenton ,1998,1995,62.813,-82.574821,27.498928
161,Golden Beach,1997,1995,62.692,-80.122481,25.964869
162,Miami Beach,2006,1995,63,-80.191788,25.761681
163,Sunny Isles Beach,2009,1995,63,-80.12166618,25.93832958
164,Village of Key Biscayne,2009,1995,59.519,-80.165059,25.6908507
165,Key West,1995,1995,59.481,-81.779984,24.555059
166,Marathon,1994,1995,53.157,-81.081161,24.723757
167,Monroe,1994,1995,0.171,-80.9372932,25.3128967
168,Village of Islamorada,1998,1995,34.865,-80.60816423,24.93482959
169,Destin,2004,1995,60.198,-86.495781,30.393534
170,Juno Beach,1998,1995,57.44,-80.05822,26.89307
171,Belleair Beach,2008,1995,62.7,-82.839377,27.924748
172,Clearwater,1999,1995,63,-82.796745,27.972572
173,Indian Shores,1994,1995,62.635,-82.83932998,27.85032993
174,Pinelals County,2004,1995,63,-82.74,27.9
175,Redington Shores,2007,1995,62.686,-82.8249967,27.82349671
176,St. Pete Beach,2007,1995,62.451,-82.741943,27.724722
177,Treasure Island,1999,1995,62.56,-82.759659,27.745003
178,St. Augustine Beach,1995,1995,62.896,-81.312431,29.901243
179,St. Johns County,1996,1995,50.694,-81.41,29.91
180,Santa Rosa,2005,1995,8.264,-86.2288322,30.3960324
181,City of Sarasota,1999,1995,63,-82.546144,27.3370523
182,Sarasota County,1997,1995,6.089,-82.3331489,27.166997
183,New Smyrna Beach,1999,1995,62.86,-82.528267,27.341274
184,Walton,2009,1995,63,-86.617928,30.418776
185,Bay County,2002,1996,55.204,-85.63,30.24
186,Meixco Beach,2001,1996,22.113,-85.406361,29.941336
187,Panama City Beach,2009,1996,61.692,-85.805489,30.176592
188,Dania Beach,2011,1996,63,-80.14393,26.05231
189,Deerfield Beach,2000,1996,62.791,-80.088615,26.329422
190,Fort Lauderdale,2003,1996,63,-80.137314,26.12243
191,Hallandale Beach,2001,1996,63,-80.146024,25.986719
192,Hillsboro Beach,2007,1996,63,-82.35,27.91
193,Hollywoord,2011,1996,63,-80.142967,26.01128
194,Lauderdale By the Sea,2002,1996,62.68,-80.09643,26.19203
195,Pompano Beach,1999,1996,62.957,-80.122948,26.24354
196,Marco Island,1998,1996,62.073,-81.714722,25.940556
197,Jacksonville beach,2000,1996,63,-81.655647,30.332184
198,Neptune Beach,1999,1996,62.493,-81.396606,30.312866
199,Escambia COunty,2013,1996,63,-87.240372,30.433283
200,Flagler COunty,2001,1996,2.578,-81.3,29.47
201,Franklin County,1998,1996,0,-84.82,29.8
202,GUlf COunty,2001,1996,0.692,-85.24,29.9
203,Bonita SPrings,2001,1996,62.563,-81.7787,26.33981
204,Sanibel,1997,1996,25.228,-82.111511,26.443398
205,Anna Maria Island,2003,1996,52.04,-82.719,27.513
206,Bradenton ,1998,1996,63,-82.574821,27.498928
207,Golden Beach,1997,1996,63,-80.122481,25.964869
208,Miami Beach,2006,1996,63,-80.191788,25.761681
209,Sunny Isles Beach,2009,1996,63,-80.12166618,25.93832958
210,Village of Key Biscayne,2009,1996,60.056,-80.165059,25.6908507
211,Key West,1995,1996,60.121,-81.779984,24.555059
212,Marathon,1994,1996,48.541,-81.081161,24.723757
213,Monroe,1994,1996,0.106,-80.9372932,25.3128967
214,Village of Islamorada,1998,1996,37.115,-80.60816423,24.93482959
215,Destin,2004,1996,60.378,-86.495781,30.393534
216,Juno Beach,1998,1996,57.617,-80.05822,26.89307
217,Belleair Beach,2008,1996,62.5,-82.839377,27.924748
218,Clearwater,1999,1996,63,-82.796745,27.972572
219,Indian Shores,1994,1996,62.962,-82.83932998,27.85032993
220,Pinelals County,2004,1996,63,-82.74,27.9
221,Redington Shores,2007,1996,63,-82.8249967,27.82349671
222,St. Pete Beach,2007,1996,63,-82.741943,27.724722
223,Treasure Island,1999,1996,63,-82.759659,27.745003
224,St. Augustine Beach,1995,1996,61.964,-81.312431,29.901243
225,St. Johns County,1996,1996,48.224,-81.41,29.91
226,Santa Rosa,2005,1996,10.981,-86.2288322,30.3960324
227,City of Sarasota,1999,1996,63,-82.546144,27.3370523
228,Sarasota County,1997,1996,6.073,-82.3331489,27.166997
229,New Smyrna Beach,1999,1996,63,-82.528267,27.341274
230,Walton,2009,1996,62.579,-86.617928,30.418776
231,Bay County,2002,1997,56.2805,-85.63,30.24
232,Meixco Beach,2001,1997,23.6415,-85.406361,29.941336
233,Panama City Beach,2009,1997,61.022,-85.805489,30.176592
234,Dania Beach,2011,1997,63,-80.14393,26.05231
235,Deerfield Beach,2000,1997,63,-80.088615,26.329422
236,Fort Lauderdale,2003,1997,63,-80.137314,26.12243
237,Hallandale Beach,2001,1997,62.9285,-80.146024,25.986719
238,Hillsboro Beach,2007,1997,62.225,-82.35,27.91
239,Hollywoord,2011,1997,63,-80.142967,26.01128
240,Lauderdale By the Sea,2002,1997,62.6715,-80.09643,26.19203
241,Pompano Beach,1999,1997,63,-80.122948,26.24354
242,Marco Island,1998,1997,61.5785,-81.714722,25.940556
243,Jacksonville beach,2000,1997,63,-81.655647,30.332184
244,Neptune Beach,1999,1997,61.209,-81.396606,30.312866
245,Escambia COunty,2013,1997,63,-87.240372,30.433283
246,Flagler COunty,2001,1997,4.017,-81.3,29.47
247,Franklin County,1998,1997,0,-84.82,29.8
248,GUlf COunty,2001,1997,1.2545,-85.24,29.9
249,Bonita SPrings,2001,1997,62.2085,-81.7787,26.33981
250,Sanibel,1997,1997,23.863,-82.111511,26.443398
251,Anna Maria Island,2003,1997,45.8955,-82.719,27.513
252,Bradenton ,1998,1997,63,-82.574821,27.498928
253,Golden Beach,1997,1997,62.628,-80.122481,25.964869
254,Miami Beach,2006,1997,62.9485,-80.191788,25.761681
255,Sunny Isles Beach,2009,1997,62.223,-80.12166618,25.93832958
256,Village of Key Biscayne,2009,1997,57.8195,-80.165059,25.6908507
257,Key West,1995,1997,60.193,-81.779984,24.555059
258,Marathon,1994,1997,45.326,-81.081161,24.723757
259,Monroe,1994,1997,0.0085,-80.9372932,25.3128967
260,Village of Islamorada,1998,1997,30.5685,-80.60816423,24.93482959
261,Destin,2004,1997,60.398,-86.495781,30.393534
262,Juno Beach,1998,1997,54.0015,-80.05822,26.89307
263,Belleair Beach,2008,1997,62.5895,-82.839377,27.924748
264,Clearwater,1999,1997,63,-82.796745,27.972572
265,Indian Shores,1994,1997,62.7905,-82.83932998,27.85032993
266,Pinelals County,2004,1997,63,-82.74,27.9
267,Redington Shores,2007,1997,62.7415,-82.8249967,27.82349671
268,St. Pete Beach,2007,1997,62.4405,-82.741943,27.724722
269,Treasure Island,1999,1997,62.9285,-82.759659,27.745003
270,St. Augustine Beach,1995,1997,61.2315,-81.312431,29.901243
271,St. Johns County,1996,1997,45.975,-81.41,29.91
272,Santa Rosa,2005,1997,10.0645,-86.2288322,30.3960324
273,City of Sarasota,1999,1997,62.813,-82.546144,27.3370523
274,Sarasota County,1997,1997,6.031,-82.3331489,27.166997
275,New Smyrna Beach,1999,1997,62.4585,-82.528267,27.341274
276,Walton,2009,1997,62.352,-86.617928,30.418776
277,Bay County,2002,1998,61.9225,-85.63,30.24
278,Meixco Beach,2001,1998,22.9205,-85.406361,29.941336
279,Panama City Beach,2009,1998,59.6735,-85.805489,30.176592
280,Dania Beach,2011,1998,63,-80.14393,26.05231
281,Deerfield Beach,2000,1998,63,-80.088615,26.329422
282,Fort Lauderdale,2003,1998,63,-80.137314,26.12243
283,Hallandale Beach,2001,1998,63,-80.146024,25.986719
284,Hillsboro Beach,2007,1998,61.516,-82.35,27.91
285,Hollywoord,2011,1998,63,-80.142967,26.01128
286,Lauderdale By the Sea,2002,1998,62.898,-80.09643,26.19203
287,Pompano Beach,1999,1998,63,-80.122948,26.24354
288,Marco Island,1998,1998,62.859,-81.714722,25.940556
289,Jacksonville beach,2000,1998,63,-81.655647,30.332184
290,Neptune Beach,1999,1998,62.995,-81.396606,30.312866
291,Escambia COunty,2013,1998,63,-87.240372,30.433283
292,Flagler COunty,2001,1998,2.0215,-81.3,29.47
293,Franklin County,1998,1998,0,-84.82,29.8
294,GUlf COunty,2001,1998,0.403,-85.24,29.9
295,Bonita SPrings,2001,1998,62.422,-81.7787,26.33981
296,Sanibel,1997,1998,22.5235,-82.111511,26.443398
297,Anna Maria Island,2003,1998,49.734,-82.719,27.513
298,Bradenton ,1998,1998,63,-82.574821,27.498928
299,Golden Beach,1997,1998,63,-80.122481,25.964869
300,Miami Beach,2006,1998,62.9645,-80.191788,25.761681
301,Sunny Isles Beach,2009,1998,63,-80.12166618,25.93832958
302,Village of Key Biscayne,2009,1998,58.241,-80.165059,25.6908507
303,Key West,1995,1998,57.4915,-81.779984,24.555059
304,Marathon,1994,1998,51.722,-81.081161,24.723757
305,Monroe,1994,1998,0,-80.9372932,25.3128967
306,Village of Islamorada,1998,1998,26.6865,-80.60816423,24.93482959
307,Destin,2004,1998,58.673,-86.495781,30.393534
308,Juno Beach,1998,1998,60.6525,-80.05822,26.89307
309,Belleair Beach,2008,1998,61.5925,-82.839377,27.924748
310,Clearwater,1999,1998,63,-82.796745,27.972572
311,Indian Shores,1994,1998,62.544,-82.83932998,27.85032993
312,Pinelals County,2004,1998,63,-82.74,27.9
313,Redington Shores,2007,1998,61.897,-82.8249967,27.82349671
314,St. Pete Beach,2007,1998,62.689,-82.741943,27.724722
315,Treasure Island,1999,1998,61.265,-82.759659,27.745003
316,St. Augustine Beach,1995,1998,61.514,-81.312431,29.901243
317,St. Johns County,1996,1998,45.819,-81.41,29.91
318,Santa Rosa,2005,1998,14.0975,-86.2288322,30.3960324
319,City of Sarasota,1999,1998,63,-82.546144,27.3370523
320,Sarasota County,1997,1998,8.3965,-82.3331489,27.166997
321,New Smyrna Beach,1999,1998,63,-82.528267,27.341274
322,Walton,2009,1998,62.987,-86.617928,30.418776
323,Bay County,2002,1999,60.9565,-85.63,30.24
324,Meixco Beach,2001,1999,24.896,-85.406361,29.941336
325,Panama City Beach,2009,1999,54.0555,-85.805489,30.176592
326,Dania Beach,2011,1999,63,-80.14393,26.05231
327,Deerfield Beach,2000,1999,63,-80.088615,26.329422
328,Fort Lauderdale,2003,1999,63,-80.137314,26.12243
329,Hallandale Beach,2001,1999,63,-80.146024,25.986719
330,Hillsboro Beach,2007,1999,62.8335,-82.35,27.91
331,Hollywoord,2011,1999,63,-80.142967,26.01128
332,Lauderdale By the Sea,2002,1999,62.6155,-80.09643,26.19203
333,Pompano Beach,1999,1999,63,-80.122948,26.24354
334,Marco Island,1998,1999,63,-81.714722,25.940556
335,Jacksonville beach,2000,1999,63,-81.655647,30.332184
336,Neptune Beach,1999,1999,62.9445,-81.396606,30.312866
337,Escambia COunty,2013,1999,62.818,-87.240372,30.433283
338,Flagler COunty,2001,1999,1.5235,-81.3,29.47
339,Franklin County,1998,1999,0,-84.82,29.8
340,GUlf COunty,2001,1999,0,-85.24,29.9
341,Bonita SPrings,2001,1999,62.35,-81.7787,26.33981
342,Sanibel,1997,1999,25.139,-82.111511,26.443398
343,Anna Maria Island,2003,1999,49.625,-82.719,27.513
344,Bradenton ,1998,1999,63,-82.574821,27.498928
345,Golden Beach,1997,1999,62.5385,-80.122481,25.964869
346,Miami Beach,2006,1999,62.155,-80.191788,25.761681
347,Sunny Isles Beach,2009,1999,62.844,-80.12166618,25.93832958
348,Village of Key Biscayne,2009,1999,53.344,-80.165059,25.6908507
349,Key West,1995,1999,56.202,-81.779984,24.555059
350,Marathon,1994,1999,58.69,-81.081161,24.723757
351,Monroe,1994,1999,0,-80.9372932,25.3128967
352,Village of Islamorada,1998,1999,26.8685,-80.60816423,24.93482959
353,Destin,2004,1999,59.4755,-86.495781,30.393534
354,Juno Beach,1998,1999,61.4235,-80.05822,26.89307
355,Belleair Beach,2008,1999,61.5855,-82.839377,27.924748
356,Clearwater,1999,1999,63,-82.796745,27.972572
357,Indian Shores,1994,1999,62.2175,-82.83932998,27.85032993
358,Pinelals County,2004,1999,63,-82.74,27.9
359,Redington Shores,2007,1999,60.76,-82.8249967,27.82349671
360,St. Pete Beach,2007,1999,63,-82.741943,27.724722
361,Treasure Island,1999,1999,61.0285,-82.759659,27.745003
362,St. Augustine Beach,1995,1999,61.3565,-81.312431,29.901243
363,St. Johns County,1996,1999,41.26,-81.41,29.91
364,Santa Rosa,2005,1999,17.0895,-86.2288322,30.3960324
365,City of Sarasota,1999,1999,63,-82.546144,27.3370523
366,Sarasota County,1997,1999,8.3835,-82.3331489,27.166997
367,New Smyrna Beach,1999,1999,63,-82.528267,27.341274
368,Walton,2009,1999,63,-86.617928,30.418776
369,Bay County,2002,2000,60.598,-85.63,30.24
370,Meixco Beach,2001,2000,20.856,-85.406361,29.941336
371,Panama City Beach,2009,2000,56.337,-85.805489,30.176592
372,Dania Beach,2011,2000,63,-80.14393,26.05231
373,Deerfield Beach,2000,2000,62.7965,-80.088615,26.329422
374,Fort Lauderdale,2003,2000,63,-80.137314,26.12243
375,Hallandale Beach,2001,2000,63,-80.146024,25.986719
376,Hillsboro Beach,2007,2000,62.6905,-82.35,27.91
377,Hollywoord,2011,2000,63,-80.142967,26.01128
378,Lauderdale By the Sea,2002,2000,60.9445,-80.09643,26.19203
379,Pompano Beach,1999,2000,62.722,-80.122948,26.24354
380,Marco Island,1998,2000,60.0405,-81.714722,25.940556
381,Jacksonville beach,2000,2000,62.9185,-81.655647,30.332184
382,Neptune Beach,1999,2000,62.241,-81.396606,30.312866
383,Escambia COunty,2013,2000,62.149,-87.240372,30.433283
384,Flagler COunty,2001,2000,2.783,-81.3,29.47
385,Franklin County,1998,2000,0.0865,-84.82,29.8
386,GUlf COunty,2001,2000,0.1205,-85.24,29.9
387,Bonita SPrings,2001,2000,60.5635,-81.7787,26.33981
388,Sanibel,1997,2000,18.92,-82.111511,26.443398
389,Anna Maria Island,2003,2000,48.593,-82.719,27.513
390,Bradenton ,1998,2000,63,-82.574821,27.498928
391,Golden Beach,1997,2000,61.9645,-80.122481,25.964869
392,Miami Beach,2006,2000,62.519,-80.191788,25.761681
393,Sunny Isles Beach,2009,2000,61.625,-80.12166618,25.93832958
394,Village of Key Biscayne,2009,2000,50.674,-80.165059,25.6908507
395,Key West,1995,2000,48.687,-81.779984,24.555059
396,Marathon,1994,2000,51.3185,-81.081161,24.723757
397,Monroe,1994,2000,0.1295,-80.9372932,25.3128967
398,Village of Islamorada,1998,2000,23.3495,-80.60816423,24.93482959
399,Destin,2004,2000,56.8475,-86.495781,30.393534
400,Juno Beach,1998,2000,59.173,-80.05822,26.89307
401,Belleair Beach,2008,2000,62.1685,-82.839377,27.924748
402,Clearwater,1999,2000,63,-82.796745,27.972572
403,Indian Shores,1994,2000,61.3295,-82.83932998,27.85032993
404,Pinelals County,2004,2000,63,-82.74,27.9
405,Redington Shores,2007,2000,59.892,-82.8249967,27.82349671
406,St. Pete Beach,2007,2000,62.354,-82.741943,27.724722
407,Treasure Island,1999,2000,61.866,-82.759659,27.745003
408,St. Augustine Beach,1995,2000,62.6615,-81.312431,29.901243
409,St. Johns County,1996,2000,42.754,-81.41,29.91
410,Santa Rosa,2005,2000,15.305,-86.2288322,30.3960324
411,City of Sarasota,1999,2000,63,-82.546144,27.3370523
412,Sarasota County,1997,2000,5.8625,-82.3331489,27.166997
413,New Smyrna Beach,1999,2000,63,-82.528267,27.341274
414,Walton,2009,2000,61.7175,-86.617928,30.418776
415,Bay County,2002,2001,60.8275,-85.63,30.24
416,Meixco Beach,2001,2001,20.2765,-85.406361,29.941336
417,Panama City Beach,2009,2001,55.749,-85.805489,30.176592
418,Dania Beach,2011,2001,63,-80.14393,26.05231
419,Deerfield Beach,2000,2001,62.502,-80.088615,26.329422
420,Fort Lauderdale,2003,2001,63,-80.137314,26.12243
421,Hallandale Beach,2001,2001,63,-80.146024,25.986719
422,Hillsboro Beach,2007,2001,63,-82.35,27.91
423,Hollywoord,2011,2001,63,-80.142967,26.01128
424,Lauderdale By the Sea,2002,2001,62.555,-80.09643,26.19203
425,Pompano Beach,1999,2001,63,-80.122948,26.24354
426,Marco Island,1998,2001,62.0875,-81.714722,25.940556
427,Jacksonville beach,2000,2001,63,-81.655647,30.332184
428,Neptune Beach,1999,2001,62.559,-81.396606,30.312866
429,Escambia COunty,2013,2001,62.5625,-87.240372,30.433283
430,Flagler COunty,2001,2001,2.8465,-81.3,29.47
431,Franklin County,1998,2001,0,-84.82,29.8
432,GUlf COunty,2001,2001,0,-85.24,29.9
433,Bonita SPrings,2001,2001,62.599,-81.7787,26.33981
434,Sanibel,1997,2001,18.1285,-82.111511,26.443398
435,Anna Maria Island,2003,2001,50.934,-82.719,27.513
436,Bradenton ,1998,2001,63,-82.574821,27.498928
437,Golden Beach,1997,2001,63,-80.122481,25.964869
438,Miami Beach,2006,2001,62.871,-80.191788,25.761681
439,Sunny Isles Beach,2009,2001,62.4735,-80.12166618,25.93832958
440,Village of Key Biscayne,2009,2001,57.2615,-80.165059,25.6908507
441,Key West,1995,2001,58.014,-81.779984,24.555059
442,Marathon,1994,2001,52.9195,-81.081161,24.723757
443,Monroe,1994,2001,0,-80.9372932,25.3128967
444,Village of Islamorada,1998,2001,24.232,-80.60816423,24.93482959
445,Destin,2004,2001,54.4675,-86.495781,30.393534
446,Juno Beach,1998,2001,61.13,-80.05822,26.89307
447,Belleair Beach,2008,2001,62.431,-82.839377,27.924748
448,Clearwater,1999,2001,63,-82.796745,27.972572
449,Indian Shores,1994,2001,61.976,-82.83932998,27.85032993
450,Pinelals County,2004,2001,63,-82.74,27.9
451,Redington Shores,2007,2001,61.5,-82.8249967,27.82349671
452,St. Pete Beach,2007,2001,62.746,-82.741943,27.724722
453,Treasure Island,1999,2001,60.835,-82.759659,27.745003
454,St. Augustine Beach,1995,2001,62.189,-81.312431,29.901243
455,St. Johns County,1996,2001,38.203,-81.41,29.91
456,Santa Rosa,2005,2001,16.1405,-86.2288322,30.3960324
457,City of Sarasota,1999,2001,62.9445,-82.546144,27.3370523
458,Sarasota County,1997,2001,5.9625,-82.3331489,27.166997
459,New Smyrna Beach,1999,2001,63,-82.528267,27.341274
460,Walton,2009,2001,61.441,-86.617928,30.418776
461,Bay County,2002,2002,58.8515,-85.63,30.24
462,Meixco Beach,2001,2002,19.933,-85.406361,29.941336
463,Panama City Beach,2009,2002,55.6615,-85.805489,30.176592
464,Dania Beach,2011,2002,63,-80.14393,26.05231
465,Deerfield Beach,2000,2002,62.6455,-80.088615,26.329422
466,Fort Lauderdale,2003,2002,62.98,-80.137314,26.12243
467,Hallandale Beach,2001,2002,62.837,-80.146024,25.986719
468,Hillsboro Beach,2007,2002,62.742,-82.35,27.91
469,Hollywoord,2011,2002,62.8985,-80.142967,26.01128
470,Lauderdale By the Sea,2002,2002,62.4175,-80.09643,26.19203
471,Pompano Beach,1999,2002,62.969,-80.122948,26.24354
472,Marco Island,1998,2002,61.6165,-81.714722,25.940556
473,Jacksonville beach,2000,2002,63,-81.655647,30.332184
474,Neptune Beach,1999,2002,62.3855,-81.396606,30.312866
475,Escambia COunty,2013,2002,63,-87.240372,30.433283
476,Flagler COunty,2001,2002,1.5355,-81.3,29.47
477,Franklin County,1998,2002,0.069,-84.82,29.8
478,GUlf COunty,2001,2002,0.144,-85.24,29.9
479,Bonita SPrings,2001,2002,62.631,-81.7787,26.33981
480,Sanibel,1997,2002,20.258,-82.111511,26.443398
481,Anna Maria Island,2003,2002,49.714,-82.719,27.513
482,Bradenton ,1998,2002,62.869,-82.574821,27.498928
483,Golden Beach,1997,2002,62.41,-80.122481,25.964869
484,Miami Beach,2006,2002,63,-80.191788,25.761681
485,Sunny Isles Beach,2009,2002,62.146,-80.12166618,25.93832958
486,Village of Key Biscayne,2009,2002,57.9735,-80.165059,25.6908507
487,Key West,1995,2002,58.955,-81.779984,24.555059
488,Marathon,1994,2002,48.4715,-81.081161,24.723757
489,Monroe,1994,2002,0.018,-80.9372932,25.3128967
490,Village of Islamorada,1998,2002,27.6805,-80.60816423,24.93482959
491,Destin,2004,2002,56.463,-86.495781,30.393534
492,Juno Beach,1998,2002,58.333,-80.05822,26.89307
493,Belleair Beach,2008,2002,60.866,-82.839377,27.924748
494,Clearwater,1999,2002,62.703,-82.796745,27.972572
495,Indian Shores,1994,2002,62.4455,-82.83932998,27.85032993
496,Pinelals County,2004,2002,62.821,-82.74,27.9
497,Redington Shores,2007,2002,61.8815,-82.8249967,27.82349671
498,St. Pete Beach,2007,2002,62.523,-82.741943,27.724722
499,Treasure Island,1999,2002,61.627,-82.759659,27.745003
500,St. Augustine Beach,1995,2002,62.3745,-81.312431,29.901243
501,St. Johns County,1996,2002,48.0225,-81.41,29.91
502,Santa Rosa,2005,2002,16.7215,-86.2288322,30.3960324
503,City of Sarasota,1999,2002,62.9475,-82.546144,27.3370523
504,Sarasota County,1997,2002,5.4885,-82.3331489,27.166997
505,New Smyrna Beach,1999,2002,62.8525,-82.528267,27.341274
506,Walton,2009,2002,61.983,-86.617928,30.418776
507,Bay County,2002,2003,60.925,-85.63,30.24
508,Meixco Beach,2001,2003,18.4795,-85.406361,29.941336
509,Panama City Beach,2009,2003,56.2935,-85.805489,30.176592
510,Dania Beach,2011,2003,62.9295,-80.14393,26.05231
511,Deerfield Beach,2000,2003,63,-80.088615,26.329422
512,Fort Lauderdale,2003,2003,62.9575,-80.137314,26.12243
513,Hallandale Beach,2001,2003,63,-80.146024,25.986719
514,Hillsboro Beach,2007,2003,62.8,-82.35,27.91
515,Hollywoord,2011,2003,63,-80.142967,26.01128
516,Lauderdale By the Sea,2002,2003,62.547,-80.09643,26.19203
517,Pompano Beach,1999,2003,63,-80.122948,26.24354
518,Marco Island,1998,2003,62.135,-81.714722,25.940556
519,Jacksonville beach,2000,2003,62.788,-81.655647,30.332184
520,Neptune Beach,1999,2003,60.9825,-81.396606,30.312866
521,Escambia COunty,2013,2003,62.4075,-87.240372,30.433283
522,Flagler COunty,2001,2003,2.6565,-81.3,29.47
523,Franklin County,1998,2003,0.175,-84.82,29.8
524,GUlf COunty,2001,2003,0.746,-85.24,29.9
525,Bonita SPrings,2001,2003,62.455,-81.7787,26.33981
526,Sanibel,1997,2003,15.002,-82.111511,26.443398
527,Anna Maria Island,2003,2003,44.407,-82.719,27.513
528,Bradenton ,1998,2003,62.8705,-82.574821,27.498928
529,Golden Beach,1997,2003,62.627,-80.122481,25.964869
530,Miami Beach,2006,2003,62.0385,-80.191788,25.761681
531,Sunny Isles Beach,2009,2003,61.7025,-80.12166618,25.93832958
532,Village of Key Biscayne,2009,2003,55.104,-80.165059,25.6908507
533,Key West,1995,2003,58.2585,-81.779984,24.555059
534,Marathon,1994,2003,52.202,-81.081161,24.723757
535,Monroe,1994,2003,0,-80.9372932,25.3128967
536,Village of Islamorada,1998,2003,22.492,-80.60816423,24.93482959
537,Destin,2004,2003,59.0825,-86.495781,30.393534
538,Juno Beach,1998,2003,60.092,-80.05822,26.89307
539,Belleair Beach,2008,2003,60.3685,-82.839377,27.924748
540,Clearwater,1999,2003,62.7145,-82.796745,27.972572
541,Indian Shores,1994,2003,61.1845,-82.83932998,27.85032993
542,Pinelals County,2004,2003,62.825,-82.74,27.9
543,Redington Shores,2007,2003,60.782,-82.8249967,27.82349671
544,St. Pete Beach,2007,2003,61.8305,-82.741943,27.724722
545,Treasure Island,1999,2003,60.433,-82.759659,27.745003
546,St. Augustine Beach,1995,2003,60.9955,-81.312431,29.901243
547,St. Johns County,1996,2003,37.162,-81.41,29.91
548,Santa Rosa,2005,2003,14.1955,-86.2288322,30.3960324
549,City of Sarasota,1999,2003,62.992,-82.546144,27.3370523
550,Sarasota County,1997,2003,5.7435,-82.3331489,27.166997
551,New Smyrna Beach,1999,2003,63,-82.528267,27.341274
552,Walton,2009,2003,62.848,-86.617928,30.418776
553,Bay County,2002,2004,58.1595,-85.63,30.24
554,Meixco Beach,2001,2004,15.8215,-85.406361,29.941336
555,Panama City Beach,2009,2004,55.3955,-85.805489,30.176592
556,Dania Beach,2011,2004,62.7295,-80.14393,26.05231
557,Deerfield Beach,2000,2004,62.7285,-80.088615,26.329422
558,Fort Lauderdale,2003,2004,63,-80.137314,26.12243
559,Hallandale Beach,2001,2004,62.9445,-80.146024,25.986719
560,Hillsboro Beach,2007,2004,63,-82.35,27.91
561,Hollywoord,2011,2004,63,-80.142967,26.01128
562,Lauderdale By the Sea,2002,2004,62.107,-80.09643,26.19203
563,Pompano Beach,1999,2004,63,-80.122948,26.24354
564,Marco Island,1998,2004,62.4855,-81.714722,25.940556
565,Jacksonville beach,2000,2004,62.508,-81.655647,30.332184
566,Neptune Beach,1999,2004,59.3265,-81.396606,30.312866
567,Escambia COunty,2013,2004,61.215,-87.240372,30.433283
568,Flagler COunty,2001,2004,3.9015,-81.3,29.47
569,Franklin County,1998,2004,0,-84.82,29.8
570,GUlf COunty,2001,2004,0.2735,-85.24,29.9
571,Bonita SPrings,2001,2004,62.8585,-81.7787,26.33981
572,Sanibel,1997,2004,17.3635,-82.111511,26.443398
573,Anna Maria Island,2003,2004,40.1875,-82.719,27.513
574,Bradenton ,1998,2004,62.845,-82.574821,27.498928
575,Golden Beach,1997,2004,62.3915,-80.122481,25.964869
576,Miami Beach,2006,2004,62.2245,-80.191788,25.761681
577,Sunny Isles Beach,2009,2004,62.268,-80.12166618,25.93832958
578,Village of Key Biscayne,2009,2004,55.4075,-80.165059,25.6908507
579,Key West,1995,2004,58.9235,-81.779984,24.555059
580,Marathon,1994,2004,47.3565,-81.081161,24.723757
581,Monroe,1994,2004,0,-80.9372932,25.3128967
582,Village of Islamorada,1998,2004,21.734,-80.60816423,24.93482959
583,Destin,2004,2004,53.397,-86.495781,30.393534
584,Juno Beach,1998,2004,58.28,-80.05822,26.89307
585,Belleair Beach,2008,2004,58.687,-82.839377,27.924748
586,Clearwater,1999,2004,63,-82.796745,27.972572
587,Indian Shores,1994,2004,61.293,-82.83932998,27.85032993
588,Pinelals County,2004,2004,63,-82.74,27.9
589,Redington Shores,2007,2004,60.799,-82.8249967,27.82349671
590,St. Pete Beach,2007,2004,61.5885,-82.741943,27.724722
591,Treasure Island,1999,2004,60.5545,-82.759659,27.745003
592,St. Augustine Beach,1995,2004,60.4675,-81.312431,29.901243
593,St. Johns County,1996,2004,36.789,-81.41,29.91
594,Santa Rosa,2005,2004,13.1615,-86.2288322,30.3960324
595,City of Sarasota,1999,2004,62.9765,-82.546144,27.3370523
596,Sarasota County,1997,2004,4.9805,-82.3331489,27.166997
597,New Smyrna Beach,1999,2004,63,-82.528267,27.341274
598,Walton,2009,2004,60.571,-86.617928,30.418776
599,Bay County,2002,2005,58.0155,-85.63,30.24
600,Meixco Beach,2001,2005,13.155,-85.406361,29.941336
601,Panama City Beach,2009,2005,49.3415,-85.805489,30.176592
602,Dania Beach,2011,2005,61.2665,-80.14393,26.05231
603,Deerfield Beach,2000,2005,60.7975,-80.088615,26.329422
604,Fort Lauderdale,2003,2005,62.325,-80.137314,26.12243
605,Hallandale Beach,2001,2005,62.3945,-80.146024,25.986719
606,Hillsboro Beach,2007,2005,62.7155,-82.35,27.91
607,Hollywoord,2011,2005,61.3355,-80.142967,26.01128
608,Lauderdale By the Sea,2002,2005,60.3185,-80.09643,26.19203
609,Pompano Beach,1999,2005,61.3675,-80.122948,26.24354
610,Marco Island,1998,2005,58.746,-81.714722,25.940556
611,Jacksonville beach,2000,2005,62.666,-81.655647,30.332184
612,Neptune Beach,1999,2005,60.8735,-81.396606,30.312866
613,Escambia COunty,2013,2005,62.6485,-87.240372,30.433283
614,Flagler COunty,2001,2005,2.6215,-81.3,29.47
615,Franklin County,1998,2005,0.1715,-84.82,29.8
616,GUlf COunty,2001,2005,0.225,-85.24,29.9
617,Bonita SPrings,2001,2005,62.154,-81.7787,26.33981
618,Sanibel,1997,2005,13.17,-82.111511,26.443398
619,Anna Maria Island,2003,2005,40.8355,-82.719,27.513
620,Bradenton ,1998,2005,62.623,-82.574821,27.498928
621,Golden Beach,1997,2005,61.8375,-80.122481,25.964869
622,Miami Beach,2006,2005,59.693,-80.191788,25.761681
623,Sunny Isles Beach,2009,2005,61.86,-80.12166618,25.93832958
624,Village of Key Biscayne,2009,2005,52.118,-80.165059,25.6908507
625,Key West,1995,2005,54.46,-81.779984,24.555059
626,Marathon,1994,2005,43.4265,-81.081161,24.723757
627,Monroe,1994,2005,0,-80.9372932,25.3128967
628,Village of Islamorada,1998,2005,18.398,-80.60816423,24.93482959
629,Destin,2004,2005,48.9155,-86.495781,30.393534
630,Juno Beach,1998,2005,57.292,-80.05822,26.89307
631,Belleair Beach,2008,2005,58.6885,-82.839377,27.924748
632,Clearwater,1999,2005,63,-82.796745,27.972572
633,Indian Shores,1994,2005,56.9875,-82.83932998,27.85032993
634,Pinelals County,2004,2005,63,-82.74,27.9
635,Redington Shores,2007,2005,57.511,-82.8249967,27.82349671
636,St. Pete Beach,2007,2005,61.52,-82.741943,27.724722
637,Treasure Island,1999,2005,57.9865,-82.759659,27.745003
638,St. Augustine Beach,1995,2005,60.446,-81.312431,29.901243
639,St. Johns County,1996,2005,33.772,-81.41,29.91
640,Santa Rosa,2005,2005,14.5555,-86.2288322,30.3960324
641,City of Sarasota,1999,2005,62.1025,-82.546144,27.3370523
642,Sarasota County,1997,2005,5.026,-82.3331489,27.166997
643,New Smyrna Beach,1999,2005,62.494,-82.528267,27.341274
644,Walton,2009,2005,61.3205,-86.617928,30.418776
645,Bay County,2002,2006,58.6235,-85.63,30.24
646,Meixco Beach,2001,2006,16.5945,-85.406361,29.941336
647,Panama City Beach,2009,2006,54.883,-85.805489,30.176592
648,Dania Beach,2011,2006,62.3385,-80.14393,26.05231
649,Deerfield Beach,2000,2006,62.7095,-80.088615,26.329422
650,Fort Lauderdale,2003,2006,62.404,-80.137314,26.12243
651,Hallandale Beach,2001,2006,62.153,-80.146024,25.986719
652,Hillsboro Beach,2007,2006,63,-82.35,27.91
653,Hollywoord,2011,2006,62.1955,-80.142967,26.01128
654,Lauderdale By the Sea,2002,2006,61.0255,-80.09643,26.19203
655,Pompano Beach,1999,2006,62.623,-80.122948,26.24354
656,Marco Island,1998,2006,59.7025,-81.714722,25.940556
657,Jacksonville beach,2000,2006,62.918,-81.655647,30.332184
658,Neptune Beach,1999,2006,61.406,-81.396606,30.312866
659,Escambia COunty,2013,2006,62.2415,-87.240372,30.433283
660,Flagler COunty,2001,2006,4.348,-81.3,29.47
661,Franklin County,1998,2006,1.1885,-84.82,29.8
662,GUlf COunty,2001,2006,0.0615,-85.24,29.9
663,Bonita SPrings,2001,2006,62.8405,-81.7787,26.33981
664,Sanibel,1997,2006,13.17,-82.111511,26.443398
665,Anna Maria Island,2003,2006,42.5635,-82.719,27.513
666,Bradenton ,1998,2006,63,-82.574821,27.498928
667,Golden Beach,1997,2006,61.081,-80.122481,25.964869
668,Miami Beach,2006,2006,61.534,-80.191788,25.761681
669,Sunny Isles Beach,2009,2006,60.4375,-80.12166618,25.93832958
670,Village of Key Biscayne,2009,2006,52.793,-80.165059,25.6908507
671,Key West,1995,2006,55.5145,-81.779984,24.555059
672,Marathon,1994,2006,47.8995,-81.081161,24.723757
673,Monroe,1994,2006,0.025,-80.9372932,25.3128967
674,Village of Islamorada,1998,2006,18.808,-80.60816423,24.93482959
675,Destin,2004,2006,53.366,-86.495781,30.393534
676,Juno Beach,1998,2006,57.624,-80.05822,26.89307
677,Belleair Beach,2008,2006,58.2985,-82.839377,27.924748
678,Clearwater,1999,2006,62.419,-82.796745,27.972572
679,Indian Shores,1994,2006,59.401,-82.83932998,27.85032993
680,Pinelals County,2004,2006,62.9755,-82.74,27.9
681,Redington Shores,2007,2006,59.262,-82.8249967,27.82349671
682,St. Pete Beach,2007,2006,61.804,-82.741943,27.724722
683,Treasure Island,1999,2006,59.595,-82.759659,27.745003
684,St. Augustine Beach,1995,2006,61.4855,-81.312431,29.901243
685,St. Johns County,1996,2006,33.0685,-81.41,29.91
686,Santa Rosa,2005,2006,15.944,-86.2288322,30.3960324
687,City of Sarasota,1999,2006,62.7275,-82.546144,27.3370523
688,Sarasota County,1997,2006,4.342,-82.3331489,27.166997
689,New Smyrna Beach,1999,2006,63,-82.528267,27.341274
690,Walton,2009,2006,60.6365,-86.617928,30.418776
691,Bay County,2002,2007,57.3575,-85.63,30.24
692,Meixco Beach,2001,2007,18.374,-85.406361,29.941336
693,Panama City Beach,2009,2007,49.7565,-85.805489,30.176592
694,Dania Beach,2011,2007,62.148,-80.14393,26.05231
695,Deerfield Beach,2000,2007,62.2085,-80.088615,26.329422
696,Fort Lauderdale,2003,2007,62.5275,-80.137314,26.12243
697,Hallandale Beach,2001,2007,62.894,-80.146024,25.986719
698,Hillsboro Beach,2007,2007,61.521,-82.35,27.91
699,Hollywoord,2011,2007,62.139,-80.142967,26.01128
700,Lauderdale By the Sea,2002,2007,60.178,-80.09643,26.19203
701,Pompano Beach,1999,2007,62.5,-80.122948,26.24354
702,Marco Island,1998,2007,57.8825,-81.714722,25.940556
703,Jacksonville beach,2000,2007,62.108,-81.655647,30.332184
704,Neptune Beach,1999,2007,59.1375,-81.396606,30.312866
705,Escambia COunty,2013,2007,62.526,-87.240372,30.433283
706,Flagler COunty,2001,2007,3.2445,-81.3,29.47
707,Franklin County,1998,2007,0.07,-84.82,29.8
708,GUlf COunty,2001,2007,0.5895,-85.24,29.9
709,Bonita SPrings,2001,2007,60.843,-81.7787,26.33981
710,Sanibel,1997,2007,14.4255,-82.111511,26.443398
711,Anna Maria Island,2003,2007,40.5665,-82.719,27.513
712,Bradenton ,1998,2007,62.912,-82.574821,27.498928
713,Golden Beach,1997,2007,60.99,-80.122481,25.964869
714,Miami Beach,2006,2007,60.017,-80.191788,25.761681
715,Sunny Isles Beach,2009,2007,59.775,-80.12166618,25.93832958
716,Village of Key Biscayne,2009,2007,52.3335,-80.165059,25.6908507
717,Key West,1995,2007,52.371,-81.779984,24.555059
718,Marathon,1994,2007,48.6145,-81.081161,24.723757
719,Monroe,1994,2007,0.023,-80.9372932,25.3128967
720,Village of Islamorada,1998,2007,19.487,-80.60816423,24.93482959
721,Destin,2004,2007,51.8855,-86.495781,30.393534
722,Juno Beach,1998,2007,55.1055,-80.05822,26.89307
723,Belleair Beach,2008,2007,59.2565,-82.839377,27.924748
724,Clearwater,1999,2007,62.8775,-82.796745,27.972572
725,Indian Shores,1994,2007,60.1745,-82.83932998,27.85032993
726,Pinelals County,2004,2007,63,-82.74,27.9
727,Redington Shores,2007,2007,58.071,-82.8249967,27.82349671
728,St. Pete Beach,2007,2007,59.508,-82.741943,27.724722
729,Treasure Island,1999,2007,57.218,-82.759659,27.745003
730,St. Augustine Beach,1995,2007,58.561,-81.312431,29.901243
731,St. Johns County,1996,2007,32.339,-81.41,29.91
732,Santa Rosa,2005,2007,17.757,-86.2288322,30.3960324
733,City of Sarasota,1999,2007,61.875,-82.546144,27.3370523
734,Sarasota County,1997,2007,4.6605,-82.3331489,27.166997
735,New Smyrna Beach,1999,2007,62.1665,-82.528267,27.341274
736,Walton,2009,2007,61.647,-86.617928,30.418776
737,Bay County,2002,2008,61.8725,-85.63,30.24
738,Meixco Beach,2001,2008,19.1025,-85.406361,29.941336
739,Panama City Beach,2009,2008,43.905,-85.805489,30.176592
740,Dania Beach,2011,2008,63,-80.14393,26.05231
741,Deerfield Beach,2000,2008,62.8015,-80.088615,26.329422
742,Fort Lauderdale,2003,2008,63,-80.137314,26.12243
743,Hallandale Beach,2001,2008,62.9785,-80.146024,25.986719
744,Hillsboro Beach,2007,2008,63,-82.35,27.91
745,Hollywoord,2011,2008,63,-80.142967,26.01128
746,Lauderdale By the Sea,2002,2008,62.4855,-80.09643,26.19203
747,Pompano Beach,1999,2008,63,-80.122948,26.24354
748,Marco Island,1998,2008,59.1375,-81.714722,25.940556
749,Jacksonville beach,2000,2008,63,-81.655647,30.332184
750,Neptune Beach,1999,2008,62.72,-81.396606,30.312866
751,Escambia COunty,2013,2008,62.029,-87.240372,30.433283
752,Flagler COunty,2001,2008,2.6375,-81.3,29.47
753,Franklin County,1998,2008,0.813,-84.82,29.8
754,GUlf COunty,2001,2008,0.0655,-85.24,29.9
755,Bonita SPrings,2001,2008,63,-81.7787,26.33981
756,Sanibel,1997,2008,14.9335,-82.111511,26.443398
757,Anna Maria Island,2003,2008,45.6525,-82.719,27.513
758,Bradenton ,1998,2008,63,-82.574821,27.498928
759,Golden Beach,1997,2008,62.787,-80.122481,25.964869
760,Miami Beach,2006,2008,60.75,-80.191788,25.761681
761,Sunny Isles Beach,2009,2008,62.1205,-80.12166618,25.93832958
762,Village of Key Biscayne,2009,2008,54.8825,-80.165059,25.6908507
763,Key West,1995,2008,54.9765,-81.779984,24.555059
764,Marathon,1994,2008,53.603,-81.081161,24.723757
765,Monroe,1994,2008,0.0945,-80.9372932,25.3128967
766,Village of Islamorada,1998,2008,20.0695,-80.60816423,24.93482959
767,Destin,2004,2008,51.6265,-86.495781,30.393534
768,Juno Beach,1998,2008,61.078,-80.05822,26.89307
769,Belleair Beach,2008,2008,60.746,-82.839377,27.924748
770,Clearwater,1999,2008,63,-82.796745,27.972572
771,Indian Shores,1994,2008,60.022,-82.83932998,27.85032993
772,Pinelals County,2004,2008,62.9765,-82.74,27.9
773,Redington Shores,2007,2008,57.5155,-82.8249967,27.82349671
774,St. Pete Beach,2007,2008,60.8335,-82.741943,27.724722
775,Treasure Island,1999,2008,54.5575,-82.759659,27.745003
776,St. Augustine Beach,1995,2008,61.42,-81.312431,29.901243
777,St. Johns County,1996,2008,33.548,-81.41,29.91
778,Santa Rosa,2005,2008,20.487,-86.2288322,30.3960324
779,City of Sarasota,1999,2008,62.61,-82.546144,27.3370523
780,Sarasota County,1997,2008,3.5155,-82.3331489,27.166997
781,New Smyrna Beach,1999,2008,62.7155,-82.528267,27.341274
782,Walton,2009,2008,61.7085,-86.617928,30.418776
783,Bay County,2002,2009,57.2,-85.63,30.24
784,Meixco Beach,2001,2009,18.719,-85.406361,29.941336
785,Panama City Beach,2009,2009,59.115,-85.805489,30.176592
786,Dania Beach,2011,2009,63,-80.14393,26.05231
787,Deerfield Beach,2000,2009,63,-80.088615,26.329422
788,Fort Lauderdale,2003,2009,61.853,-80.137314,26.12243
789,Hallandale Beach,2001,2009,63,-80.146024,25.986719
790,Hillsboro Beach,2007,2009,63,-82.35,27.91
791,Hollywoord,2011,2009,63,-80.142967,26.01128
792,Lauderdale By the Sea,2002,2009,61.343,-80.09643,26.19203
793,Pompano Beach,1999,2009,63,-80.122948,26.24354
794,Marco Island,1998,2009,62.622,-81.714722,25.940556
795,Jacksonville beach,2000,2009,63,-81.655647,30.332184
796,Neptune Beach,1999,2009,60.294,-81.396606,30.312866
797,Escambia COunty,2013,2009,63,-87.240372,30.433283
798,Flagler COunty,2001,2009,8.206,-81.3,29.47
799,Franklin County,1998,2009,0.233,-84.82,29.8
800,GUlf COunty,2001,2009,0,-85.24,29.9
801,Bonita SPrings,2001,2009,63,-81.7787,26.33981
802,Sanibel,1997,2009,14.286,-82.111511,26.443398
803,Anna Maria Island,2003,2009,39.629,-82.719,27.513
804,Bradenton ,1998,2009,63,-82.574821,27.498928
805,Golden Beach,1997,2009,62.788,-80.122481,25.964869
806,Miami Beach,2006,2009,63,-80.191788,25.761681
807,Sunny Isles Beach,2009,2009,62,-80.12166618,25.93832958
808,Village of Key Biscayne,2009,2009,55.647,-80.165059,25.6908507
809,Key West,1995,2009,58.375,-81.779984,24.555059
810,Marathon,1994,2009,51.294,-81.081161,24.723757
811,Monroe,1994,2009,0,-80.9372932,25.3128967
812,Village of Islamorada,1998,2009,29.116,-80.60816423,24.93482959
813,Destin,2004,2009,60.731,-86.495781,30.393534
814,Juno Beach,1998,2009,56.46,-80.05822,26.89307
815,Belleair Beach,2008,2009,61.059,-82.839377,27.924748
816,Clearwater,1999,2009,63,-82.796745,27.972572
817,Indian Shores,1994,2009,62.245,-82.83932998,27.85032993
818,Pinelals County,2004,2009,63,-82.74,27.9
819,Redington Shores,2007,2009,59.526,-82.8249967,27.82349671
820,St. Pete Beach,2007,2009,59.199,-82.741943,27.724722
821,Treasure Island,1999,2009,57.382,-82.759659,27.745003
822,St. Augustine Beach,1995,2009,60.875,-81.312431,29.901243
823,St. Johns County,1996,2009,50.613,-81.41,29.91
824,Santa Rosa,2005,2009,18.692,-86.2288322,30.3960324
825,City of Sarasota,1999,2009,63,-82.546144,27.3370523
826,Sarasota County,1997,2009,2.19,-82.3331489,27.166997
827,New Smyrna Beach,1999,2009,63,-82.528267,27.341274
828,Walton,2009,2009,63,-86.617928,30.418776
829,Bay County,2002,2010,60.769,-85.63,30.24
830,Meixco Beach,2001,2010,24.482,-85.406361,29.941336
831,Panama City Beach,2009,2010,61.882,-85.805489,30.176592
832,Dania Beach,2011,2010,63,-80.14393,26.05231
833,Deerfield Beach,2000,2010,62.922,-80.088615,26.329422
834,Fort Lauderdale,2003,2010,62.906,-80.137314,26.12243
835,Hallandale Beach,2001,2010,63,-80.146024,25.986719
836,Hillsboro Beach,2007,2010,63,-82.35,27.91
837,Hollywoord,2011,2010,62.742,-80.142967,26.01128
838,Lauderdale By the Sea,2002,2010,60.318,-80.09643,26.19203
839,Pompano Beach,1999,2010,63,-80.122948,26.24354
840,Marco Island,1998,2010,61.39,-81.714722,25.940556
841,Jacksonville beach,2000,2010,62.885,-81.655647,30.332184
842,Neptune Beach,1999,2010,59.534,-81.396606,30.312866
843,Escambia COunty,2013,2010,63,-87.240372,30.433283
844,Flagler COunty,2001,2010,14.502,-81.3,29.47
845,Franklin County,1998,2010,0.942,-84.82,29.8
846,GUlf COunty,2001,2010,0.419,-85.24,29.9
847,Bonita SPrings,2001,2010,63,-81.7787,26.33981
848,Sanibel,1997,2010,18.559,-82.111511,26.443398
849,Anna Maria Island,2003,2010,54.672,-82.719,27.513
850,Bradenton ,1998,2010,63,-82.574821,27.498928
851,Golden Beach,1997,2010,61.954,-80.122481,25.964869
852,Miami Beach,2006,2010,63,-80.191788,25.761681
853,Sunny Isles Beach,2009,2010,61.188,-80.12166618,25.93832958
854,Village of Key Biscayne,2009,2010,57.783,-80.165059,25.6908507
855,Key West,1995,2010,55.304,-81.779984,24.555059
856,Marathon,1994,2010,52.052,-81.081161,24.723757
857,Monroe,1994,2010,0,-80.9372932,25.3128967
858,Village of Islamorada,1998,2010,27.61,-80.60816423,24.93482959
859,Destin,2004,2010,61.234,-86.495781,30.393534
860,Juno Beach,1998,2010,52.597,-80.05822,26.89307
861,Belleair Beach,2008,2010,63,-82.839377,27.924748
862,Clearwater,1999,2010,63,-82.796745,27.972572
863,Indian Shores,1994,2010,62.65,-82.83932998,27.85032993
864,Pinelals County,2004,2010,63,-82.74,27.9
865,Redington Shores,2007,2010,62.093,-82.8249967,27.82349671
866,St. Pete Beach,2007,2010,62.866,-82.741943,27.724722
867,Treasure Island,1999,2010,62.59,-82.759659,27.745003
868,St. Augustine Beach,1995,2010,61.045,-81.312431,29.901243
869,St. Johns County,1996,2010,55.924,-81.41,29.91
870,Santa Rosa,2005,2010,27.492,-86.2288322,30.3960324
871,City of Sarasota,1999,2010,63,-82.546144,27.3370523
872,Sarasota County,1997,2010,2.65,-82.3331489,27.166997
873,New Smyrna Beach,1999,2010,63,-82.528267,27.341274
874,Walton,2009,2010,62.787,-86.617928,30.418776
875,Bay County,2002,2011,62.596,-85.63,30.24
876,Meixco Beach,2001,2011,21.118,-85.406361,29.941336
877,Panama City Beach,2009,2011,59.455,-85.805489,30.176592
878,Dania Beach,2011,2011,63,-80.14393,26.05231
879,Deerfield Beach,2000,2011,63,-80.088615,26.329422
880,Fort Lauderdale,2003,2011,63,-80.137314,26.12243
881,Hallandale Beach,2001,2011,63,-80.146024,25.986719
882,Hillsboro Beach,2007,2011,63,-82.35,27.91
883,Hollywoord,2011,2011,63,-80.142967,26.01128
884,Lauderdale By the Sea,2002,2011,62.871,-80.09643,26.19203
885,Pompano Beach,1999,2011,63,-80.122948,26.24354
886,Marco Island,1998,2011,61.317,-81.714722,25.940556
887,Jacksonville beach,2000,2011,63,-81.655647,30.332184
888,Neptune Beach,1999,2011,62.951,-81.396606,30.312866
889,Escambia COunty,2013,2011,63,-87.240372,30.433283
890,Flagler COunty,2001,2011,4.764,-81.3,29.47
891,Franklin County,1998,2011,0.339,-84.82,29.8
892,GUlf COunty,2001,2011,0,-85.24,29.9
893,Bonita SPrings,2001,2011,63,-81.7787,26.33981
894,Sanibel,1997,2011,17,-82.111511,26.443398
895,Anna Maria Island,2003,2011,49.564,-82.719,27.513
896,Bradenton ,1998,2011,63,-82.574821,27.498928
897,Golden Beach,1997,2011,63,-80.122481,25.964869
898,Miami Beach,2006,2011,62.985,-80.191788,25.761681
899,Sunny Isles Beach,2009,2011,63,-80.12166618,25.93832958
900,Village of Key Biscayne,2009,2011,59.903,-80.165059,25.6908507
901,Key West,1995,2011,61.083,-81.779984,24.555059
902,Marathon,1994,2011,49.892,-81.081161,24.723757
903,Monroe,1994,2011,0,-80.9372932,25.3128967
904,Village of Islamorada,1998,2011,27.238,-80.60816423,24.93482959
905,Destin,2004,2011,59.309,-86.495781,30.393534
906,Juno Beach,1998,2011,61.288,-80.05822,26.89307
907,Belleair Beach,2008,2011,59.037,-82.839377,27.924748
908,Clearwater,1999,2011,63,-82.796745,27.972572
909,Indian Shores,1994,2011,60.807,-82.83932998,27.85032993
910,Pinelals County,2004,2011,63,-82.74,27.9
911,Redington Shores,2007,2011,61.123,-82.8249967,27.82349671
912,St. Pete Beach,2007,2011,62.627,-82.741943,27.724722
913,Treasure Island,1999,2011,59.667,-82.759659,27.745003
914,St. Augustine Beach,1995,2011,62.93,-81.312431,29.901243
915,St. Johns County,1996,2011,48.037,-81.41,29.91
916,Santa Rosa,2005,2011,19.273,-86.2288322,30.3960324
917,City of Sarasota,1999,2011,63,-82.546144,27.3370523
918,Sarasota County,1997,2011,4.727,-82.3331489,27.166997
919,New Smyrna Beach,1999,2011,63,-82.528267,27.341274
920,Walton,2009,2011,63,-86.617928,30.418776
921,Bay County,2002,2012,62.267,-85.63,30.24
922,Meixco Beach,2001,2012,22.255,-85.406361,29.941336
923,Panama City Beach,2009,2012,59.553,-85.805489,30.176592
924,Dania Beach,2011,2012,63,-80.14393,26.05231
925,Deerfield Beach,2000,2012,63,-80.088615,26.329422
926,Fort Lauderdale,2003,2012,63,-80.137314,26.12243
927,Hallandale Beach,2001,2012,63,-80.146024,25.986719
928,Hillsboro Beach,2007,2012,63,-82.35,27.91
929,Hollywoord,2011,2012,62.93,-80.142967,26.01128
930,Lauderdale By the Sea,2002,2012,63,-80.09643,26.19203
931,Pompano Beach,1999,2012,63,-80.122948,26.24354
932,Marco Island,1998,2012,60.929,-81.714722,25.940556
933,Jacksonville beach,2000,2012,63,-81.655647,30.332184
934,Neptune Beach,1999,2012,62.522,-81.396606,30.312866
935,Escambia COunty,2013,2012,63,-87.240372,30.433283
936,Flagler COunty,2001,2012,5.364,-81.3,29.47
937,Franklin County,1998,2012,0.304,-84.82,29.8
938,GUlf COunty,2001,2012,0,-85.24,29.9
939,Bonita SPrings,2001,2012,63,-81.7787,26.33981
940,Sanibel,1997,2012,15.644,-82.111511,26.443398
941,Anna Maria Island,2003,2012,54.566,-82.719,27.513
942,Bradenton ,1998,2012,63,-82.574821,27.498928
943,Golden Beach,1997,2012,62.778,-80.122481,25.964869
944,Miami Beach,2006,2012,63,-80.191788,25.761681
945,Sunny Isles Beach,2009,2012,62.782,-80.12166618,25.93832958
946,Village of Key Biscayne,2009,2012,61.286,-80.165059,25.6908507
947,Key West,1995,2012,62.683,-81.779984,24.555059
948,Marathon,1994,2012,42,-81.081161,24.723757
949,Monroe,1994,2012,0.218,-80.9372932,25.3128967
950,Village of Islamorada,1998,2012,36.579,-80.60816423,24.93482959
951,Destin,2004,2012,62.005,-86.495781,30.393534
952,Juno Beach,1998,2012,62.472,-80.05822,26.89307
953,Belleair Beach,2008,2012,58.627,-82.839377,27.924748
954,Clearwater,1999,2012,63,-82.796745,27.972572
955,Indian Shores,1994,2012,61.041,-82.83932998,27.85032993
956,Pinelals County,2004,2012,63,-82.74,27.9
957,Redington Shores,2007,2012,62.288,-82.8249967,27.82349671
958,St. Pete Beach,2007,2012,61.926,-82.741943,27.724722
959,Treasure Island,1999,2012,58.135,-82.759659,27.745003
960,St. Augustine Beach,1995,2012,62.59,-81.312431,29.901243
961,St. Johns County,1996,2012,51.227,-81.41,29.91
962,Santa Rosa,2005,2012,20.303,-86.2288322,30.3960324
963,City of Sarasota,1999,2012,62.824,-82.546144,27.3370523
964,Sarasota County,1997,2012,4.3,-82.3331489,27.166997
965,New Smyrna Beach,1999,2012,63,-82.528267,27.341274
966,Walton,2009,2012,63,-86.617928,30.418776
967,Bay County,2002,2013,59.51,-85.63,30.24
968,Meixco Beach,2001,2013,20.071,-85.406361,29.941336
969,Panama City Beach,2009,2013,59.24,-85.805489,30.176592
970,Dania Beach,2011,2013,63,-80.14393,26.05231
971,Deerfield Beach,2000,2013,63,-80.088615,26.329422
972,Fort Lauderdale,2003,2013,63,-80.137314,26.12243
973,Hallandale Beach,2001,2013,63,-80.146024,25.986719
974,Hillsboro Beach,2007,2013,62.523,-82.35,27.91
975,Hollywoord,2011,2013,63,-80.142967,26.01128
976,Lauderdale By the Sea,2002,2013,62.727,-80.09643,26.19203
977,Pompano Beach,1999,2013,63,-80.122948,26.24354
978,Marco Island,1998,2013,61.73,-81.714722,25.940556
979,Jacksonville beach,2000,2013,63,-81.655647,30.332184
980,Neptune Beach,1999,2013,62.19,-81.396606,30.312866
981,Escambia COunty,2013,2013,63,-87.240372,30.433283
982,Flagler COunty,2001,2013,8.696,-81.3,29.47
983,Franklin County,1998,2013,0,-84.82,29.8
984,GUlf COunty,2001,2013,0,-85.24,29.9
985,Bonita SPrings,2001,2013,62.885,-81.7787,26.33981
986,Sanibel,1997,2013,18.295,-82.111511,26.443398
987,Anna Maria Island,2003,2013,48.185,-82.719,27.513
988,Bradenton ,1998,2013,62.262,-82.574821,27.498928
989,Golden Beach,1997,2013,62.783,-80.122481,25.964869
990,Miami Beach,2006,2013,62.908,-80.191788,25.761681
991,Sunny Isles Beach,2009,2013,62.826,-80.12166618,25.93832958
992,Village of Key Biscayne,2009,2013,59.277,-80.165059,25.6908507
993,Key West,1995,2013,59.945,-81.779984,24.555059
994,Marathon,1994,2013,52.206,-81.081161,24.723757
995,Monroe,1994,2013,0,-80.9372932,25.3128967
996,Village of Islamorada,1998,2013,26.75,-80.60816423,24.93482959
997,Destin,2004,2013,56.8,-86.495781,30.393534
998,Juno Beach,1998,2013,60.45,-80.05822,26.89307
999,Belleair Beach,2008,2013,61.847,-82.839377,27.924748
1000,Clearwater,1999,2013,62.733,-82.796745,27.972572
1001,Indian Shores,1994,2013,61.323,-82.83932998,27.85032993
1002,Pinelals County,2004,2013,62.623,-82.74,27.9
1003,Redington Shores,2007,2013,61.53,-82.8249967,27.82349671
1004,St. Pete Beach,2007,2013,61.484,-82.741943,27.724722
1005,Treasure Island,1999,2013,60.219,-82.759659,27.745003
1006,St. Augustine Beach,1995,2013,61.513,-81.312431,29.901243
1007,St. Johns County,1996,2013,44.679,-81.41,29.91
1008,Santa Rosa,2005,2013,24.576,-86.2288322,30.3960324
1009,City of Sarasota,1999,2013,62.855,-82.546144,27.3370523
1010,Sarasota County,1997,2013,7.098,-82.3331489,27.166997
1011,New Smyrna Beach,1999,2013,62.836,-82.528267,27.341274
1012,Walton,2009,2013,61.855,-86.617928,30.418776
